{"accuracy": [0.6136951446533203, 0.887488603591919, 0.9369513988494873, 0.9512656927108765, 0.9556729197502136], "loss": [1.8064020872116089, 0.7003651857376099, 0.4456218481063843, 0.3465234637260437, 0.30429738759994507], "val_accuracy": [0.691717803478241, 0.8474623560905457, 0.905605137348175, 0.9081149101257324, 0.8982152938842773], "val_loss": [1.8065946102142334, 0.7807506322860718, 0.5053228139877319, 0.47710439562797546, 0.6342160701751709]}