{"accuracy": [0.2956109941005707, 0.5727918148040771, 0.7040976285934448, 0.7745766043663025, 0.8294299840927124], "loss": [3.0960447788238525, 2.015772819519043, 1.5312960147857666, 1.262740969657898, 1.0683984756469727], "val_accuracy": [0.48856663703918457, 0.6620189547538757, 0.8120468258857727, 0.8230618834495544, 0.8807864189147949], "val_loss": [2.7901082038879395, 1.7614001035690308, 1.270369291305542, 1.130806803703308, 0.939569354057312]}