{"accuracy": [0.5442360043525696, 0.8830085396766663, 0.9339282512664795, 0.9545073509216309, 0.9588417410850525], "loss": [2.0637943744659424, 0.7652484774589539, 0.49652305245399475, 0.37384042143821716, 0.3309475779533386], "val_accuracy": [0.6853039860725403, 0.9008644819259644, 0.8989124298095703, 0.9082543253898621, 0.9088120460510254], "val_loss": [1.9578536748886108, 0.6139824390411377, 0.5932467579841614, 0.5395427942276001, 0.4930182993412018]}