{"accuracy": [0.32671645283699036, 0.5812784433364868, 0.7018758058547974, 0.7796030044555664, 0.834237813949585], "loss": [2.2602880001068115, 1.3402796983718872, 0.9575820565223694, 0.7243149876594543, 0.5543805956840515], "val_accuracy": [0.4665365219116211, 0.5868656039237976, 0.6268823146820068, 0.6206079125404358, 0.6749860644340515], "val_loss": [1.7622712850570679, 1.3056238889694214, 1.2007849216461182, 1.1293885707855225, 1.044263482093811]}