{"accuracy": [0.5727189779281616, 0.8888362646102905, 0.9399016499519348, 0.9600801467895508, 0.9626661539077759], "loss": [1.9719057083129883, 0.7463726997375488, 0.4819278419017792, 0.3573912978172302, 0.31424134969711304], "val_accuracy": [0.6505855917930603, 0.914249837398529, 0.7972671389579773, 0.9111824035644531, 0.9262409210205078], "val_loss": [1.7774630784988403, 0.638215959072113, 0.9139065742492676, 0.4890122413635254, 0.4127615690231323]}