{"accuracy": [0.6082316637039185, 0.8889455199241638, 0.9351666569709778, 0.9497723579406738, 0.9556365013122559], "loss": [1.8437196016311646, 0.706449031829834, 0.4623684585094452, 0.35949406027793884, 0.31164196133613586], "val_accuracy": [0.6885108947753906, 0.9023982286453247, 0.9353039860725403, 0.9209425449371338, 0.9412994980812073], "val_loss": [1.7916069030761719, 0.6199048161506653, 0.46068575978279114, 0.4452538788318634, 0.37012481689453125]}