{"accuracy": [0.34099435806274414, 0.636641800403595, 0.7574576735496521, 0.8225460052490234, 0.8611546158790588], "loss": [2.9110264778137207, 1.77882719039917, 1.355617880821228, 1.1191121339797974, 0.9683743715286255], "val_accuracy": [0.5684607028961182, 0.7764919400215149, 0.8245956301689148, 0.8575013875961304, 0.8577802777290344], "val_loss": [2.5890562534332275, 1.4093126058578491, 1.1984411478042603, 1.0474309921264648, 0.9779253602027893]}