{"accuracy": [0.3196503221988678, 0.5774540305137634, 0.6858859658241272, 0.7637588977813721, 0.8267346620559692], "loss": [2.2629480361938477, 1.3335978984832764, 1.0001027584075928, 0.7660963535308838, 0.5877202153205872], "val_accuracy": [0.503625214099884, 0.5617679953575134, 0.6243725419044495, 0.6627160906791687, 0.6558839678764343], "val_loss": [1.672460675239563, 1.3863037824630737, 1.2412724494934082, 1.1342428922653198, 1.0552659034729004]}